{
  "project_info": {
    "project_number": "927828232677",
    "project_id": "hellome-173ee",
    "storage_bucket": "hellome-173ee.appspot.com"
  },
  "client": [
    {
      "client_info": {
        "mobilesdk_app_id": "1:927828232677:android:6798c61c37dc23fe30870c",
        "android_client_info": {
          "package_name": "com.technion.android.hello_me"
        }
      },
      "oauth_client": [
        {
          "client_id": "927828232677-be6cbphf5ou4sdvepvk5hj5hg994hrlo.apps.googleusercontent.com",
          "client_type": 1,
          "android_info": {
            "package_name": "com.technion.android.hello_me",
            "certificate_hash": "0df8914ec6286c5b8edceb25779ee5e1d8e56ea3"
          }
        },
        {
          "client_id": "927828232677-iq84keat9s77mpbbqs7jtqvbrgehaaq8.apps.googleusercontent.com",
          "client_type": 3
        }
      ],
      "api_key": [
        {
          "current_key": "AIzaSyAH0wZe-LKAo2Vx62jeOKgl1C_8N10-Thk"
        }
      ],
      "services": {
        "appinvite_service": {
          "other_platform_oauth_client": [
            {
              "client_id": "927828232677-iq84keat9s77mpbbqs7jtqvbrgehaaq8.apps.googleusercontent.com",
              "client_type": 3
            }
          ]
        }
      }
    }
  ],
  "configuration_version": "1"
}